Gene ID	logFC.x	P-value	FDR.x	Gene name	Gene description	Mean FPKM reference	Mean FPKM query	Chr	Start	End	Symbol.x	Description.x	Region	DistanceTSS	logFC.y	pValue	FDR.y	Direction	Symbol.y	Description.y	RNASeq_logFC	RNASeq_p.value	RNASeq_FDR	seqnames	start	end	width	scoreControl	scoreTreatment	scoreRate	FE_control	FE_treatment	FERate	Classification	annotation	distanceToTSS	Fold	p.value	FDR	DiffBindClassification	RNASeqClassification
ENSMUSG00000000142	0.6956856666	0.001449342416	0.02477113463	Axin2	axin 2 [Source:MGI Symbol;Acc:MGI:1270862]	0.8482362088	1354275953	chr11	108920379	108922319	Axin2	axin 2	Promoter (<=1kb)	0	0.217071351	0.0001827884425	0.03365081537	treated	Axin2	axin 2 [Source:MGI Symbol;Acc:MGI:1270862]	0.165916779343868	0.628106918040997	0.932146624791785	chr11	108810805	108813807	3003	1879	3295	0.56200000000000006	31.92	49.41	1.55	Common	Promoter (<=1kb)	0	0.53559920535018501	2.2235831711550102E-3	5.6272308932707104E-3	Treated	Treated
ENSMUSG00000000168	0.4630057432	5.03E-05	0.001865568063	Dlat	dihydrolipoamide S-acetyltransferase (E2 component of pyruvate dehydrogenase complex) [Source:MGI Symbol;Acc:MGI:2385311]	1087106995	1473676589	chr9	50658865	50660205	Dlat	dihydrolipoamide S-acetyltransferase (E2 component of pyruvate dehydrogenase complex)	Promoter (<=1kb)	0	0.1459547738	0.008481869664	0.1987811538	treated	Dlat	dihydrolipoamide S-acetyltransferase (E2 component of pyruvate dehydrogenase complex) [Source:MGI Symbol;Acc:MGI:2385311]	0.444258200866384	0.107906251151423	0.532162672941549	chr9	50569699	50572041	2343	7596	11589	0.42199999999999999	152.94	213.19	1.39	Common	Promoter (<=1kb)	0	0.46548272502177002	1.48196183199877E-3	4.04121185501247E-3	Treated	Treated
ENSMUSG00000001435	0.2823497614	0.002342589553	0.03468001492	Col18a1	collagen, type XVIII, alpha 1 [Source:MGI Symbol;Acc:MGI:88451]	1660173945	1981833546	chr10	77112130	77113952	Col18a1	collagen, type XVIII, alpha 1	Promoter (<=1kb)	0	0.158858661	0.004358599129	0.160884611	treated	Col18a1	collagen, type XVIII, alpha 1 [Source:MGI Symbol;Acc:MGI:88451]	0.302613741732701	0.186075141614478	0.655389162861166	chr10	76944905	76950704	5800	5925	4091	-0.37	147.07	65.069999999999993	0.44	Common	Promoter (<=1kb)	0	-0.70742196093957799	4.13439290323174E-3	9.41126002400503E-3	Control	Treated
ENSMUSG00000001986	0.9627464267	6.37E-06	0.000329984144	Gria3	glutamate receptor, ionotropic, AMPA3 (alpha 3) [Source:MGI Symbol;Acc:MGI:95810]	0.6981608382	1336015889	chrX	41401157	41402321	Gria3	glutamate receptor, ionotropic, AMPA3 (alpha 3)	Promoter (<=1kb)	0	0.1522202093	0.005010179804	0.1713989206	treated	Gria3	glutamate receptor, ionotropic, AMPA3 (alpha 3) [Source:MGI Symbol;Acc:MGI:95810]	-1.2896743157103	0.000402078872153829	0.0204012070473607	chrX	40489350	40491349	2000	267	249	-7.0000000000000007E-2	14.79	14.36	0.97	Common	Promoter (<=1kb)	0	-	-	-	-	Control
ENSMUSG00000002297	0.4814826301	0.001986131094	0.030932876	Dbf4	DBF4 zinc finger [Source:MGI Symbol;Acc:MGI:1351328]	0.7771394625	1063098425	chr5	8422028	8423369	Dbf4	DBF4 zinc finger	Promoter (<=1kb)	0	0.15501453	0.007644253979	0.1938240507	treated	Dbf4	DBF4 zinc finger [Source:MGI Symbol;Acc:MGI:1351328]	0.166556471565341	0.589456878027746	0.920862416142134	chr5	8471740	8473697	1958	4665	7512	0.47599999999999998	102.48	136.97	1.34	Common	Promoter (<=1kb)	0	-	-	-	-	Treated
ENSMUSG00000006777	1697276613	2.37E-06	0.0001466508993	Krt23	keratin 23 [Source:MGI Symbol;Acc:MGI:2148866]	3543497308	1124803703	chr11	99492430	99493220	Krt23	keratin 23	Promoter (<=1kb)	0	0.2237597285	0.0005490153724	0.060849439	treated	Krt23	keratin 23 [Source:MGI Symbol;Acc:MGI:2148866]	0.319944482210276	0.482888616034233	0.8815093078374	-	-	-	-	-	-	-	-	-	-	-	-	-	-	-	-	-	Treated
ENSMUSG00000010651	0.7516405571	0.0005670919293	0.01230114383	Acaa1b	acetyl-Coenzyme A acyltransferase 1B [Source:MGI Symbol;Acc:MGI:3605455]	1417381798	2362259409	chr9	119155680	119157122	Acaa1b	acetyl-Coenzyme A acyltransferase 1B	Promoter (<=1kb)	0	0.2449328865	5.17E-05	0.01565425777	treated	Acaa1b	acetyl-Coenzyme A acyltransferase 1B [Source:MGI Symbol;Acc:MGI:3605455]	0.912888210379737	0.0102263749956432	0.157073415683405	chr9	118983207	118986365	3159	4204	5007	0.17499999999999999	98.42	131.09	1.33	Common	Promoter (<=1kb)	0	0.53491929238559099	9.1586023761915098E-5	4.9736582317625095E-4	Treated	Treated
ENSMUSG00000015357	0.4323138204	0.001189189441	0.02166354238	Clpx	caseinolytic mitochondrial matrix peptidase chaperone subunit [Source:MGI Symbol;Acc:MGI:1346017]	7268565939	966437457	chr9	65294273	65295209	Clpx	caseinolytic mitochondrial matrix peptidase chaperone subunit	Promoter (<=1kb)	0	0.1643224017	0.004263434446	0.1596063816	treated	Clpx	caseinolytic mitochondrial matrix peptidase chaperone subunit [Source:MGI Symbol;Acc:MGI:1346017]	-0.623262283611507	0.00747297372472125	0.13067248458559	-	-	-	-	-	-	-	-	-	-	-	-	-	-	-	-	-	Control
ENSMUSG00000022124	0.2983864475	0.0004962834745	0.01110160588	Fbxl3	F-box and leucine-rich repeat protein 3 [Source:MGI Symbol;Acc:MGI:1354702]	7182950648	8663227312	chr14	103098478	103099623	Fbxl3	F-box and leucine-rich repeat protein 3	Promoter (<=1kb)	0	0.1889937423	0.0007964260792	0.07448452321	treated	Fbxl3	F-box and leucine-rich repeat protein 3 [Source:MGI Symbol;Acc:MGI:1354702]	-0.0403244193704094	0.854120666202812	0.977639261923065	chr14	103335517	103337603	2087	9183	16211	0.56799999999999995	114.84	192.36	1.68	Common	Promoter (<=1kb)	0	0.64968082026158003	5.4496233838900203E-5	3.5153434791142398E-4	Treated	Control
ENSMUSG00000023067	1232701981	5.10E-10	9.56E-08	Cdkn1a	cyclin-dependent kinase inhibitor 1A (P21) [Source:MGI Symbol;Acc:MGI:104556]	824206851	1897088539	chr17	29093781	29095594	Cdkn1a	cyclin-dependent kinase inhibitor 1A (P21)	Promoter (<=1kb)	0	0.20518452	0.0009515801204	0.08369668706	treated	Cdkn1a	cyclin-dependent kinase inhibitor 1A (P21) [Source:MGI Symbol;Acc:MGI:104556]	-2.29894032044272	8.58523388942017e-07	0.00019986761170409	chr17	29312433	29314996	2564	1749	2460	0.34100000000000003	48.33	80.760000000000005	1.67	Common	Promoter (<=1kb)	0	-	-	-	-	Control
ENSMUSG00000024014	0.6803666272	6.98E-05	0.002440339492	Pim1	proviral integration site 1 [Source:MGI Symbol;Acc:MGI:97584]	2985391725	4708518757	chr17	29490770	29492405	Pim1	proviral integration site 1	Promoter (<=1kb)	0	0.1864359642	0.0007493359455	0.07197420412	treated	Pim1	proviral integration site 1 [Source:MGI Symbol;Acc:MGI:97584]	0.167214612795734	0.451490264142094	0.868175531982418	-	-	-	-	-	-	-	-	-	-	-	-	-	-	-	-	-	Treated
ENSMUSG00000024427	0.7697179051	3.29E-06	0.0001903973761	Spry4	sprouty RTK signaling antagonist 4 [Source:MGI Symbol;Acc:MGI:1345144]	3112338729	520785944	chr18	38599693	38601390	Spry4	sprouty RTK signaling antagonist 4	Promoter (<=1kb)	25	0.1665676562	0.002497613472	0.129003521	treated	Spry4	sprouty RTK signaling antagonist 4 [Source:MGI Symbol;Acc:MGI:1345144]	0.542851954551741	0.157311545316263	0.614693046609281	chr18	38731964	38735904	3941	6122	7133	0.153	92.93	89.94	0.97	Common	Promoter (<=1kb)	0	-	-	-	-	Treated
ENSMUSG00000024665	0.9950421225	2.87E-07	2.44E-05	Fads2	fatty acid desaturase 2 [Source:MGI Symbol;Acc:MGI:1930079]	2639617585	5204918926	chr19	10099748	10101784	Fads2	fatty acid desaturase 2	Promoter (<=1kb)	0	0.1527074102	0.006121589069	0.1813483914	treated	Fads2	fatty acid desaturase 2 [Source:MGI Symbol;Acc:MGI:1930079]	0.707127086263421	0.00662299241351925	0.121914401435216	chr19	10073163	10080044	6882	2607	5579	0.76099999999999901	170.54	123.01	0.72	Common	Promoter (<=1kb)	0	0.55596435680113998	4.2387387550524801E-4	1.5255288557544299E-3	Treated	Treated
ENSMUSG00000024843	0.887104055	4.45E-08	4.55E-06	Chka	choline kinase alpha [Source:MGI Symbol;Acc:MGI:107760]	6551041351	1192215852	chr19	3851774	3853000	Chka	choline kinase alpha	Promoter (<=1kb)	0	0.1879396885	0.001134471966	0.08926178559	treated	Chka	choline kinase alpha [Source:MGI Symbol;Acc:MGI:107760]	-0.90772773571289	0.000273595401955401	0.0161611851115248	chr19	3900844	3906075	5232	3914	207	-2.94	105.9	14.36	0.14000000000000001	Common	Promoter (<=1kb)	0	0.57129161417707996	7.4513443947533503E-5	4.3190637280206599E-4	Treated	Control
ENSMUSG00000024900	0.5689779665	3.58E-11	7.71E-09	Cpt1a	carnitine palmitoyltransferase 1a, liver [Source:MGI Symbol;Acc:MGI:1098296]	5462095593	7966678005	chr19	3323323	3324341	Cpt1a	carnitine palmitoyltransferase 1a, liver	Promoter (<=1kb)	0	0.1600663825	0.004288071006	0.1600353976	treated	Cpt1a	carnitine palmitoyltransferase 1a, liver [Source:MGI Symbol;Acc:MGI:1098296]	0.779873385312242	0.0010139884457054	0.0368167731371874	chr19	3371494	3376919	5426	6481	5281	-0.20499999999999999	130.88	101.41	0.77	Common	Promoter (<=1kb)	0	0.60697903134356201	1.39250862860439E-5	1.4731625386580301E-4	Treated	Treated
ENSMUSG00000025025	0.291262404	0.003096868668	0.04196636394	Mxi1	MAX interactor 1, dimerization protein [Source:MGI Symbol;Acc:MGI:97245]	2730765557	327464874	chr19	53313067	53314025	Mxi1	MAX interactor 1, dimerization protein	Promoter (<=1kb)	1	0.181658353	0.002460749219	0.1289859435	treated	Mxi1	MAX interactor 1, dimerization protein [Source:MGI Symbol;Acc:MGI:97245]	0.331544996671942	0.136847199118551	0.583469866105708	chr19	53317760	53319304	1545	3245	5688	0.56100000000000005	86.99	130.12	1.5	Common	Promoter (<=1kb)	0	0.70765831051165495	2.2828889563806399E-7	1.3462137675854199E-5	Treated	Treated
ENSMUSG00000025220	0.2590658307	0.0003763479917	0.009177913248	Oga	O-GlcNAcase [Source:MGI Symbol;Acc:MGI:1932139]	7589468677	8913940431	chr19	45782455	45783600	Oga	O-GlcNAcase	Promoter (<=1kb)	0	0.154216291	0.004512221985	0.16404167	treated	Oga	O-GlcNAcase [Source:MGI Symbol;Acc:MGI:1932139]	-0.274285241209382	0.358938557240967	0.818415388900512	chr19	45770019	45773083	3065	9852	11776	0.17799999999999999	127.22	181.6	1.43	Common	Promoter (<=1kb)	0	0.519954325526369	1.87386887059143E-3	4.8997245912436697E-3	Treated	Control
ENSMUSG00000026384	0.6642390383	0.0001671170294	0.004760159117	Ptpn4	protein tyrosine phosphatase, non-receptor type 4 [Source:MGI Symbol;Acc:MGI:1099792]	0.938313815	1453209033	chr1	119836596	119837753	Ptpn4	protein tyrosine phosphatase, non-receptor type 4	Promoter (<=1kb)	0	0.1547100132	0.008271808783	0.1984018602	treated	Ptpn4	protein tyrosine phosphatase, non-receptor type 4 [Source:MGI Symbol;Acc:MGI:1099792]	0.774512032663118	0.0130538699678656	0.182206953887121	chr1	119764215	119765646	1432	4617	7644	0.504	67.95	98.59	1.45	Common	Promoter (<=1kb)	0	0.60356746078291601	1.2188210018307999E-6	3.3964478584351601E-5	Treated	Treated
ENSMUSG00000027253	0.3211718057	0.0003344193241	0.008294790067	Lrp4	low density lipoprotein receptor-related protein 4 [Source:MGI Symbol;Acc:MGI:2442252]	2012500117	2467508508	chr2	91457448	91459349	Lrp4	low density lipoprotein receptor-related protein 4	Promoter (<=1kb)	0	0.1836925482	0.001566392407	0.1065163564	treated	Lrp4	low density lipoprotein receptor-related protein 4 [Source:MGI Symbol;Acc:MGI:2442252]	0.430974326527732	0.143415622955969	0.594274673097893	chr2	91287301	91290024	2724	3051	4596	0.41	60.99	94.43	1.55	Common	Promoter (<=1kb)	0	0.48537435434749299	1.3731813657895701E-4	6.5756614822141198E-4	Treated	Treated
ENSMUSG00000027533	2241525847	1.25E-27	2.53E-24	Fabp5	fatty acid binding protein 5, epidermal [Source:MGI Symbol;Acc:MGI:101790]	7768872541	3621418297	chr3	10012098	10013776	Fabp5	fatty acid binding protein 5, epidermal	Promoter (<=1kb)	0	0.276603329	2.46E-05	0.009884591089	treated	Fabp5	fatty acid binding protein 5, epidermal [Source:MGI Symbol;Acc:MGI:101790]	-0.29999967091615	0.435492402879145	0.862197982221792	chr3	10076956	10079501	2546	2572	3772	0.38299999999999901	74.5	107.39	1.44	Common	Promoter (<=1kb)	0	-	-	-	-	Control
ENSMUSG00000027660	0.483405791	8.30E-06	0.0004023492839	Skil	SKI-like [Source:MGI Symbol;Acc:MGI:106203]	2388259152	3271031435	chr3	31094902	31096112	Skil	SKI-like	Promoter (<=1kb)	0	0.1962101	0.000650092778	0.06621932882	treated	Skil	SKI-like [Source:MGI Symbol;Acc:MGI:106203]	-0.306171533700356	0.188416731693208	0.656610465334153	chr3	31147385	31150576	3192	2956	6180	0.73699999999999999	54.08	106.98	1.98	Common	Promoter (<=1kb)	0	0.67317321445232403	2.4802999165078099E-5	2.1133830971758501E-4	Treated	Control
ENSMUSG00000028654	0.8224263377	0.002554684911	0.03696547049	Mycl	v-myc avian myelocytomatosis viral oncogene lung carcinoma derived [Source:MGI Symbol;Acc:MGI:96799]	4355937901	7559428629	chr4	122995509	122997307	Mycl	v-myc avian myelocytomatosis viral oncogene lung carcinoma derived	Promoter (<=1kb)	0	0.1941851785	0.0006750321284	0.06689667852	treated	Mycl	v-myc avian myelocytomatosis viral oncogene lung carcinoma derived [Source:MGI Symbol;Acc:MGI:96799]	0.847123386980015	0.0126071537418774	0.178916947972906	chr4	122889141	122891758	2618	3302	5537	0.51700000000000002	73.260000000000005	105.83	1.44	Common	Promoter (<=1kb)	0	0.54280214647209102	4.8229841917268798E-6	7.6946847028314396E-5	Treated	Treated
ENSMUSG00000028755	1236215556	1.57E-05	0.0006919789617	Cda	cytidine deaminase [Source:MGI Symbol;Acc:MGI:1919519]	393791932	9164452066	chr4	138367055	138368382	Cda	cytidine deaminase	Promoter (<=1kb)	0	0.2120734808	0.0006778109495	0.06689667852	treated	Cda	cytidine deaminase [Source:MGI Symbol;Acc:MGI:1919519]	0.398138173009985	0.0803973698082485	0.469535278229822	chr4	138092837	138096019	3183	4936	2754	-0.58399999999999996	100.55	50.45	0.5	Common	Promoter (<=1kb)	0	-	-	-	-	Treated
ENSMUSG00000029385	0.5749391397	1.04E-07	1.01E-05	Ccng2	cyclin G2 [Source:MGI Symbol;Acc:MGI:1095734]	7201079203	105208266	chr5	93267228	93268759	Ccng2	cyclin G2	Promoter (<=1kb)	0	0.1562929012	0.005138725399	0.1713989206	treated	Ccng2	cyclin G2 [Source:MGI Symbol;Acc:MGI:1095734]	-0.0322118597528514	0.908570817786602	0.988134223649385	chr5	93414275	93416834	2560	5624	10487	0.623	83.29	158.11000000000001	1.9	Common	Promoter (<=1kb)	0	0.55711327953922096	1.11886514092952E-4	5.6983176009806297E-4	Treated	Control
ENSMUSG00000030827	1553933623	0.0002923607265	0.00744296586	Fgf21	fibroblast growth factor 21 [Source:MGI Symbol;Acc:MGI:1861377]	1936518711	5504540446	chr7	45614140	45615484	Fgf21	fibroblast growth factor 21	Promoter (<=1kb)	6	1027394738	1.36E-07	0.00027825249	treated	Fgf21	fibroblast growth factor 21 [Source:MGI Symbol;Acc:MGI:1861377]	1.33814468582815	0.00656330417296853	0.121380234339026	chr7	45263486	45265116	1631	155	60	-0.94899999999999995	7.54	4.5999999999999996	0.61	Common	Promoter (<=1kb)	0	-0.57627742621432299	2.1640868516364101E-2	3.8928551136654103E-2	Control	Treated
ENSMUSG00000031004	0.6602330877	2.01E-05	0.0008587140321	Mki67	antigen identified by monoclonal antibody Ki 67 [Source:MGI Symbol;Acc:MGI:106035]	5985555169	9296136435	chr7	135715540	135716484	Mki67	antigen identified by monoclonal antibody Ki 67	Promoter (<=1kb)	0	0.1682305672	0.004931168107	0.1713989206	treated	Mki67	antigen identified by monoclonal antibody Ki 67 [Source:MGI Symbol;Acc:MGI:106035]	-0.0176887980245237	0.965691746627124	0.997973531187767	chr7	135317323	135318788	1466	656	1597	0.89	29.41	61.48	2.09	Common	Promoter (<=1kb)	0	0.75412717478173796	7.8691133346175894E-5	4.4830657354149299E-4	Treated	Control
ENSMUSG00000031561	0.2838096464	0.002620515656	0.03760501771	Tenm3	teneurin transmembrane protein 3 [Source:MGI Symbol;Acc:MGI:1345183]	3594615821	4297269208	chr8	48842636	48844518	Tenm3	teneurin transmembrane protein 3	Promoter (<=1kb)	0	0.195389858	0.001541022576	0.1061235547	treated	Tenm3	teneurin transmembrane protein 3 [Source:MGI Symbol;Acc:MGI:1345183]	0.881348040847525	0.00431348368806245	0.093198529859568	-	-	-	-	-	-	-	-	-	-	-	-	-	-	-	-	-	Treated
ENSMUSG00000032064	0.6456694315	0.001757300541	0.02830773191	Dixdc1	DIX domain containing 1 [Source:MGI Symbol;Acc:MGI:2679721]	2598961344	3998440245	chr9	50698317	50699404	Dixdc1	DIX domain containing 1	Promoter (<=1kb)	0	0.195126152	0.001559320039	0.1065163564	treated	Dixdc1	DIX domain containing 1 [Source:MGI Symbol;Acc:MGI:2679721]	0.658623533807547	0.0187241827069014	0.227313109692271	chr9	50638979	50639819	841	101	125	0.21299999999999999	7.92	9.0399999999999991	1.1399999999999999	Common	Promoter (<=1kb)	0	0.61073598628358094	2.1885377989648401E-4	9.2769088156119297E-4	Treated	Treated
ENSMUSG00000032902	0.4760704571	8.37E-05	0.002822229814	Slc16a1	solute carrier family 16 (monocarboxylic acid transporters), member 1 [Source:MGI Symbol;Acc:MGI:106013]	2187805469	2997558856	chr3	104637865	104639634	Slc16a1	solute carrier family 16 (monocarboxylic acid transporters), member 1	Promoter (<=1kb)	0	0.1728309167	0.001767912004	0.1140859579	treated	Slc16a1	solute carrier family 16 (monocarboxylic acid transporters), member 1 [Source:MGI Symbol;Acc:MGI:106013]	-0.164815323166431	0.478999858261263	0.87941322361775	chr3	104544209	104547377	3169	8802	14736	0.51500000000000001	154.35	263.89	1.71	Common	Promoter (<=1kb)	0	0.57168802212881997	1.0803558659151E-4	5.56731465950619E-4	Treated	Control
ENSMUSG00000035621	0.5001050054	0.0004307135511	0.01004090652	Midn	midnolin [Source:MGI Symbol;Acc:MGI:1890222]	6071106675	8418540102	chr10	80150474	80151820	Midn	midnolin	Promoter (<=1kb)	0	0.1560787686	0.005919374621	0.1781597512	treated	Midn	midnolin [Source:MGI Symbol;Acc:MGI:1890222]	0.0837058961695729	0.696330663164928	0.946788850640455	chr10	79983406	79990504	7099	8646	12935	0.40299999999999903	159.31	228.35	1.43	Common	Promoter (<=1kb)	0	0.63335895732491398	2.1503799144147399E-5	1.92534015592948E-4	Treated	Treated
ENSMUSG00000035878	0.4833491702	0.0009568862055	0.01839549484	Hykk	hydroxylysine kinase 1 [Source:MGI Symbol;Acc:MGI:2443139]	1247318831	1715506602	chr9	54917228	54917978	Hykk	hydroxylysine kinase 1	Promoter (<=1kb)	0	0.1580108853	0.007428026965	0.1917704089	treated	Hykk	hydroxylysine kinase 1 [Source:MGI Symbol;Acc:MGI:2443139]	1.20624971257342	4.15151525144814e-10	3.6690596688135e-07	-	-	-	-	-	-	-	-	-	-	-	-	-	-	-	-	-	Treated
ENSMUSG00000037434	19347202	4.06E-22	4.49E-19	Slc30a1	solute carrier family 30 (zinc transporter), member 1 [Source:MGI Symbol;Acc:MGI:1345281]	3336073831	1242878287	chr1	191906691	191907972	Slc30a1	solute carrier family 30 (zinc transporter), member 1	Promoter (<=1kb)	0	0.3566955129	3.64E-08	0.0001105551039	treated	Slc30a1	solute carrier family 30 (zinc transporter), member 1 [Source:MGI Symbol;Acc:MGI:1345281]	0.0331677963249596	0.88666769059615	0.984709624342572	chr1	191637852	191641717	3866	6685	9143	0.313	111.32	204.29	1.84	Common	Promoter (<=1kb)	0	0.68096453726561901	1.47856035514737E-6	3.7154307658468299E-5	Treated	Treated
ENSMUSG00000037465	0.8710333158	0.0005433043631	0.01191255999	Klf10	Kruppel-like factor 10 [Source:MGI Symbol;Acc:MGI:1101353]	5834361645	1037872577	chr15	38299446	38301945	Klf10	Kruppel-like factor 10	Promoter (<=1kb)	0	0.2084024873	0.0002595432733	0.04032522757	treated	Klf10	Kruppel-like factor 10 [Source:MGI Symbol;Acc:MGI:1101353]	0.55960919588966	0.0432996924607352	0.354794512481924	chr15	38298859	38302900	4042	3035	4354	0.36099999999999999	104.17	99.06	0.95	Common	Promoter (<=1kb)	0	0.57605964457400705	6.3465622543437098E-4	2.0762568376799799E-3	Treated	Treated
ENSMUSG00000037573	0.4910982203	0.0006943155369	0.01434486548	Tob1	transducer of ErbB-2.1 [Source:MGI Symbol;Acc:MGI:1349721]	285974841	3944048157	chr11	94211430	94212696	Tob1	transducer of ErbB-2.1	Promoter (<=1kb)	0	0.1807359581	0.001945271929	0.1180984826	treated	Tob1	transducer of ErbB-2.1 [Source:MGI Symbol;Acc:MGI:1349721]	0.449750237478246	0.0385757470786439	0.33237289191926	chr11	94100490	94101955	1466	2247	1965	-0.13400000000000001	59.98	51.39	0.86	Common	Promoter (<=1kb)	-325	0.66799837593797595	5.1341971595513301E-5	3.3865331129051399E-4	Treated	Treated
ENSMUSG00000037646	0.3334163176	0.0004829937241	0.01088435302	Vps13b	vacuolar protein sorting 13B [Source:MGI Symbol;Acc:MGI:1916380]	281858887	3480177007	chr15	35370984	35372069	Vps13b	vacuolar protein sorting 13B	Promoter (<=1kb)	0	0.1583394961	0.005653668941	0.1753239835	treated	Vps13b	vacuolar protein sorting 13B [Source:MGI Symbol;Acc:MGI:1916380]	0.330623729147364	0.095884509826044	0.505906566317744	-	-	-	-	-	-	-	-	-	-	-	-	-	-	-	-	-	Treated
ENSMUSG00000037692	0.5393696722	0.0005854934725	0.01263274834	Ahdc1	AT hook, DNA binding motif, containing 1 [Source:MGI Symbol;Acc:MGI:2444218]	13633151	1944838826	chr4	133011003	133012490	Ahdc1	AT hook, DNA binding motif, containing 1	Promoter (<=1kb)	0	0.1920161554	0.000952335516	0.08369668706	treated	Ahdc1	AT hook, DNA binding motif, containing 1 [Source:MGI Symbol;Acc:MGI:2444218]	-0.0259637099766902	0.900749211177334	0.987909511446114	chr4	132737861	132741914	4054	4781	10325	0.77	121.03	180.19	1.49	Common	Promoter (<=1kb)	0	0.58531792795621296	1.8913984908493599E-5	1.77038771088459E-4	Treated	Control
ENSMUSG00000038233	1461565437	1.63E-05	0.0007172519759	Gask1a	golgi associated kinase 1A [Source:MGI Symbol;Acc:MGI:3041196]	0.5447761999	1478230934	chr9	121950676	121951617	Gask1a	golgi associated kinase 1A	Promoter (<=1kb)	0	0.1812318912	0.001394544221	0.09975855873	treated	Gask1a	golgi associated kinase 1A [Source:MGI Symbol;Acc:MGI:3041196]	0.197093662450793	0.581417668090342	0.918244607738147	chr9	121779499	121783169	3671	727	141	-1.64	24.69	8.86	0.36	Common	Promoter (<=1kb)	0	-	-	-	-	Treated
ENSMUSG00000040128	0.3362163663	0.001099169966	0.02035176149	Pnrc1	proline-rich nuclear receptor coactivator 1 [Source:MGI Symbol;Acc:MGI:1917838]	268128602	3319631509	chr4	33247860	33248563	Pnrc1	proline-rich nuclear receptor coactivator 1	Promoter (<=1kb)	0	0.1714475053	0.003330519088	0.1422871766	treated	Pnrc1	proline-rich nuclear receptor coactivator 1 [Source:MGI Symbol;Acc:MGI:1917838]	-0.733103275959049	5.18804013281755e-06	0.00079283098287608	chr4	33245734	33249095	3362	8159	8815	7.6999999999999999E-2	74.41	119.59	1.61	Common	Promoter (<=1kb)	0	0.60381948969521104	3.35347502407515E-4	1.2749828378955199E-3	Treated	Control
ENSMUSG00000041773	0.402428592	0.00300554356	0.04095684164	Enc1	ectodermal-neural cortex 1 [Source:MGI Symbol;Acc:MGI:109610]	3302831905	4273255422	chr13	97241113	97242356	Enc1	ectodermal-neural cortex 1	Promoter (<=1kb)	8	0.2095091179	0.0002794867255	0.04249405479	treated	Enc1	ectodermal-neural cortex 1 [Source:MGI Symbol;Acc:MGI:109610]	0.540620654551849	0.0713721807033606	0.441585149291818	chr13	97376674	97379036	2363	3818	5481	0.36199999999999999	89.04	123.74	1.39	Common	Promoter (<=1kb)	0	0.47016155535125997	1.2735844785265101E-4	6.2087773811539003E-4	Treated	Treated
ENSMUSG00000042363	0.4761381417	0.0001611588052	0.004669384525	Lgalsl	lectin, galactoside binding-like [Source:MGI Symbol;Acc:MGI:1916114]	6713213744	9193442995	chr11	20829969	20831619	Lgalsl	lectin, galactoside binding-like	Promoter (<=1kb)	0	0.1621186772	0.003522311855	0.1443587067	treated	Lgalsl	lectin, galactoside binding-like [Source:MGI Symbol;Acc:MGI:1916114]	-0.185996054778928	0.441346881889521	0.86424848012349	chr11	20779655	20782035	2381	7270	10656	0.38200000000000001	135.47	193.94	1.43	Common	Promoter (<=1kb)	0	0.50856868354032503	1.8384892093104599E-4	8.1211042065857796E-4	Treated	Control
ENSMUSG00000045252	0.6987154693	3.50E-08	3.61E-06	Zfp574	zinc finger protein 574 [Source:MGI Symbol;Acc:MGI:2442951]	2271648274	3618570387	chr7	25077211	25077951	Zfp574	zinc finger protein 574	Promoter (<=1kb)	0	0.1629296709	0.006824511459	0.1874633398	treated	Zfp574	zinc finger protein 574 [Source:MGI Symbol;Acc:MGI:2442951]	0.0210765776284347	0.932566540768569	0.99204392363606	chr7	24775190	24778182	2993	5197	9024	0.55200000000000005	121.7	184.23	1.51	Common	Promoter (<=1kb)	0	0.55740186977000294	3.19257307511176E-5	2.4857554065399099E-4	Treated	Treated
ENSMUSG00000048249	0.6863218778	4.24E-06	0.0002353064741	Crebrf	CREB3 regulatory factor [Source:MGI Symbol;Acc:MGI:1924378]	3552055561	5584612644	chr17	26715571	26716353	Crebrf	CREB3 regulatory factor	Promoter (<=1kb)	0	0.2063410375	0.0004210661471	0.05366804746	treated	Crebrf	CREB3 regulatory factor [Source:MGI Symbol;Acc:MGI:1924378]	0.277739971068076	0.298892931087877	0.777220028203804	chr17	26934069	26936086	2018	11321	20375	0.58799999999999997	168.02	307.04000000000002	1.83	Common	Promoter (<=1kb)	0	0.63048644632725204	8.4259224668014194E-5	4.68533811057791E-4	Treated	Treated
ENSMUSG00000050052	0.5657293378	4.42E-07	3.48E-05	Tdrp	testis development related protein [Source:MGI Symbol;Acc:MGI:1919398]	165549234	2403668699	chr8	13974031	13975326	Tdrp	testis development related protein	Promoter (<=1kb)	0	0.2024524573	0.0009043134191	0.08141467543	treated	Tdrp	testis development related protein [Source:MGI Symbol;Acc:MGI:1919398]	0.0836095904531035	0.756550833747002	0.959159428625537	chr8	14023729	14025482	1754	3407	5887	0.54700000000000004	85.95	128.34	1.49	Common	Promoter (<=1kb)	0	0.64654540474654298	8.3610203885807297E-8	7.28105525505572E-6	Treated	Treated
ENSMUSG00000062300	0.3345226988	0.002976878372	0.04070295833	Nectin2	nectin cell adhesion molecule 2 [Source:MGI Symbol;Acc:MGI:97822]	8336568515	1033991833	chr7	19748113	19749592	Nectin2	nectin cell adhesion molecule 2	Promoter (<=1kb)	0	0.1525371613	0.007666425934	0.1938240507	treated	Nectin2	nectin cell adhesion molecule 2 [Source:MGI Symbol;Acc:MGI:97822]	-0.068075596773903	0.750619240323642	0.95829056347985	chr7	19481027	19485082	4056	7474	8407	0.11799999999999999	135.06	212.24	1.57	Common	Promoter (<=1kb)	0	0.48505523182110399	6.6988609575462002E-4	2.1667993767168002E-3	Treated	Control
ENSMUSG00000078963	0.9369801705	9.88E-05	0.00318113062	Hsbp1l1	heat shock factor binding protein 1-like 1 [Source:MGI Symbol;Acc:MGI:1913505]	1674827907	3157743881	chr18	80236345	80237348	Hsbp1l1	heat shock factor binding protein 1-like 1	Promoter (<=1kb)	0	0.142541058	0.008558119287	0.1993967134	treated	Hsbp1l1	heat shock factor binding protein 1-like 1 [Source:MGI Symbol;Acc:MGI:1913505]	-0.0990947173005739	0.726511549072075	0.952627149645675	chr18	80279607	80280949	1343	949	1173	0.21199999999999999	30.59	44.59	1.46	Common	5' UTR	9368	-	-	-	-	Control
